{
  "generated_at": "2026-03-09T01:38:43+00:00",
  "model": "TransE",
  "embedding_dim": 48,
  "epochs": 6,
  "triple_count": 82929,
  "entity_count": 22382,
  "relation_count": 7,
  "losses": [],
  "evaluation_metrics": {
    "head.optimistic.z_geometric_mean_rank": 35.206545944137694,
    "tail.optimistic.z_geometric_mean_rank": 90.86224602912148,
    "both.optimistic.z_geometric_mean_rank": 122.91107598335164,
    "head.realistic.z_geometric_mean_rank": 35.206515476720014,
    "tail.realistic.z_geometric_mean_rank": 90.86224586466332,
    "both.realistic.z_geometric_mean_rank": 122.91107064735368,
    "head.pessimistic.z_geometric_mean_rank": 35.20649596199114,
    "tail.pessimistic.z_geometric_mean_rank": 90.8622459048473,
    "both.pessimistic.z_geometric_mean_rank": 122.91107212283288,
    "head.optimistic.inverse_harmonic_mean_rank": 0.0026003662936412045,
    "tail.optimistic.inverse_harmonic_mean_rank": 0.2600268285068037,
    "both.optimistic.inverse_harmonic_mean_rank": 0.13131359740022244,
    "head.realistic.inverse_harmonic_mean_rank": 0.0026003664825111628,
    "tail.realistic.inverse_harmonic_mean_rank": 0.26002681255340576,
    "both.realistic.inverse_harmonic_mean_rank": 0.13131359219551086,
    "head.pessimistic.inverse_harmonic_mean_rank": 0.002600366018980699,
    "tail.pessimistic.inverse_harmonic_mean_rank": 0.26002682820077716,
    "both.pessimistic.inverse_harmonic_mean_rank": 0.1313135971098789,
    "head.optimistic.median_absolute_deviation": 5613.131999262209,
    "tail.optimistic.median_absolute_deviation": 13.343419966550417,
    "both.optimistic.median_absolute_deviation": 1464.8109918835348,
    "head.realistic.median_absolute_deviation": 5613.13232421875,
    "tail.realistic.median_absolute_deviation": 13.343420028686523,
    "both.realistic.median_absolute_deviation": 1464.81103515625,
    "head.pessimistic.median_absolute_deviation": 5613.131999262209,
    "tail.pessimistic.median_absolute_deviation": 13.343419966550417,
    "both.pessimistic.median_absolute_deviation": 1464.8109918835348,
    "head.optimistic.variance": 41390512.8485933,
    "tail.optimistic.variance": 19332271.03973704,
    "both.optimistic.variance": 36835609.24778155,
    "head.realistic.variance": 41390524.0,
    "tail.realistic.variance": 19332282.0,
    "both.realistic.variance": 36835620.0,
    "head.pessimistic.variance": 41390532.53148952,
    "tail.pessimistic.variance": 19332293.74828473,
    "both.pessimistic.variance": 36835639.341251835,
    "head.optimistic.standard_deviation": 6433.545900092211,
    "tail.optimistic.standard_deviation": 4396.8478526936815,
    "both.optimistic.standard_deviation": 6069.234650907934,
    "head.realistic.standard_deviation": 6433.546875,
    "tail.realistic.standard_deviation": 4396.84912109375,
    "both.realistic.standard_deviation": 6069.2353515625,
    "head.pessimistic.standard_deviation": 6433.547429800259,
    "tail.pessimistic.standard_deviation": 4396.850435059707,
    "both.pessimistic.standard_deviation": 6069.237130089072,
    "head.optimistic.z_inverse_harmonic_mean_rank": 14.813770672882683,
    "tail.optimistic.z_inverse_harmonic_mean_rank": 2761.382962100142,
    "both.optimistic.z_inverse_harmonic_mean_rank": 1683.4184813322222,
    "head.realistic.z_inverse_harmonic_mean_rank": 14.813772201110659,
    "tail.realistic.z_inverse_harmonic_mean_rank": 2761.3827923723775,
    "both.realistic.z_inverse_harmonic_mean_rank": 1683.41841429142,
    "head.pessimistic.z_inverse_harmonic_mean_rank": 14.813768450486531,
    "tail.pessimistic.z_inverse_harmonic_mean_rank": 2761.382958844334,
    "both.pessimistic.z_inverse_harmonic_mean_rank": 1683.4184775923675,
    "head.optimistic.z_arithmetic_mean_rank": 19.84336314046017,
    "tail.optimistic.z_arithmetic_mean_rank": 132.3992319453971,
    "both.optimistic.z_arithmetic_mean_rank": 116.93339517800626,
    "head.realistic.z_arithmetic_mean_rank": 19.84331721127522,
    "tail.realistic.z_arithmetic_mean_rank": 132.39922326939103,
    "both.realistic.z_arithmetic_mean_rank": 116.93335888406736,
    "head.pessimistic.z_arithmetic_mean_rank": 19.843275066517492,
    "tail.pessimistic.z_arithmetic_mean_rank": 132.39921325025233,
    "both.pessimistic.z_arithmetic_mean_rank": 116.93332656322688,
    "head.optimistic.inverse_arithmetic_mean_rank": 0.00014520807487168572,
    "tail.optimistic.inverse_arithmetic_mean_rank": 0.0005562438455505422,
    "both.optimistic.inverse_arithmetic_mean_rank": 0.00023029689026440653,
    "head.realistic.inverse_arithmetic_mean_rank": 0.0001452080177841708,
    "tail.realistic.inverse_arithmetic_mean_rank": 0.0005562436417676508,
    "both.realistic.inverse_arithmetic_mean_rank": 0.00023029680596664548,
    "head.pessimistic.inverse_arithmetic_mean_rank": 0.00014520797316967083,
    "tail.pessimistic.inverse_arithmetic_mean_rank": 0.0005562434351469654,
    "both.pessimistic.inverse_arithmetic_mean_rank": 0.0002302967271830352,
    "head.optimistic.adjusted_geometric_mean_rank_index": 0.38586575752704544,
    "tail.optimistic.adjusted_geometric_mean_rank_index": 0.996486239487577,
    "both.optimistic.adjusted_geometric_mean_rank_index": 0.952893634558704,
    "head.realistic.adjusted_geometric_mean_rank_index": 0.3858654236024047,
    "tail.realistic.adjusted_geometric_mean_rank_index": 0.9964862376839644,
    "both.realistic.adjusted_geometric_mean_rank_index": 0.952893593190272,
    "head.pessimistic.adjusted_geometric_mean_rank_index": 0.38586520971985994,
    "tail.pessimistic.adjusted_geometric_mean_rank_index": 0.9964862381246621,
    "both.pessimistic.adjusted_geometric_mean_rank_index": 0.9528936046292309,
    "head.optimistic.adjusted_arithmetic_mean_rank_index": 0.13631004791439594,
    "tail.optimistic.adjusted_arithmetic_mean_rank_index": 0.8394375831275758,
    "both.optimistic.adjusted_arithmetic_mean_rank_index": 0.5469134907721058,
    "head.realistic.adjusted_arithmetic_mean_rank_index": 0.13630973241296818,
    "tail.realistic.adjusted_arithmetic_mean_rank_index": 0.8394375281199639,
    "both.realistic.adjusted_arithmetic_mean_rank_index": 0.5469133210203869,
    "head.pessimistic.adjusted_arithmetic_mean_rank_index": 0.1363094429079128,
    "tail.pessimistic.adjusted_arithmetic_mean_rank_index": 0.8394374645966227,
    "both.pessimistic.adjusted_arithmetic_mean_rank_index": 0.5469131698513932,
    "head.optimistic.arithmetic_mean_rank": 6886.669359700953,
    "tail.optimistic.arithmetic_mean_rank": 1797.772699867358,
    "both.optimistic.arithmetic_mean_rank": 4342.221029784156,
    "head.realistic.arithmetic_mean_rank": 6886.671875,
    "tail.realistic.arithmetic_mean_rank": 1797.7733154296875,
    "both.realistic.arithmetic_mean_rank": 4342.22265625,
    "head.pessimistic.arithmetic_mean_rank": 6886.674183045942,
    "tail.pessimistic.arithmetic_mean_rank": 1797.7740262872303,
    "both.pessimistic.arithmetic_mean_rank": 4342.224104666586,
    "head.optimistic.harmonic_mean_rank": 384.5612067981907,
    "tail.optimistic.harmonic_mean_rank": 3.8457570156989958,
    "both.optimistic.harmonic_mean_rank": 7.6153575851871835,
    "head.realistic.harmonic_mean_rank": 384.5611877441406,
    "tail.realistic.harmonic_mean_rank": 3.845757246017456,
    "both.realistic.harmonic_mean_rank": 7.615357875823975,
    "head.pessimistic.harmonic_mean_rank": 384.56124741700154,
    "tail.pessimistic.harmonic_mean_rank": 3.8457570202250815,
    "both.pessimistic.harmonic_mean_rank": 7.615357602025272,
    "head.optimistic.median_rank": 4512.0,
    "tail.optimistic.median_rank": 10.0,
    "both.optimistic.median_rank": 990.0,
    "head.realistic.median_rank": 4512.0,
    "tail.realistic.median_rank": 10.0,
    "both.realistic.median_rank": 990.0,
    "head.pessimistic.median_rank": 4512.0,
    "tail.pessimistic.median_rank": 10.0,
    "both.pessimistic.median_rank": 990.0,
    "head.optimistic.adjusted_arithmetic_mean_rank": 0.8637070477152776,