{
  "generated_at": "2026-03-09T01:45:57+00:00",
  "model": "TransE",
  "embedding_dim": 48,
  "epochs": 6,
  "triple_count": 82929,
  "entity_count": 22382,
  "relation_count": 7,
  "losses": [],
  "evaluation_metrics": {
    "head.optimistic.inverse_median_rank": 0.0002315886984715146,
    "tail.optimistic.inverse_median_rank": 0.1111111111111111,
    "both.optimistic.inverse_median_rank": 0.0010706638115631692,
    "head.realistic.inverse_median_rank": 0.00023158869589678943,
    "tail.realistic.inverse_median_rank": 0.1111111119389534,
    "both.realistic.inverse_median_rank": 0.0010703773004934192,
    "head.pessimistic.inverse_median_rank": 0.0002315886984715146,
    "tail.pessimistic.inverse_median_rank": 0.1111111111111111,
    "both.pessimistic.inverse_median_rank": 0.001070090957731407,
    "head.optimistic.variance": 41168301.11371362,
    "tail.optimistic.variance": 19220969.272013318,
    "both.optimistic.variance": 36274825.40846993,
    "head.realistic.variance": 41168320.0,
    "tail.realistic.variance": 19220976.0,
    "both.realistic.variance": 36274844.0,
    "head.pessimistic.variance": 41168334.837425195,
    "tail.pessimistic.variance": 19220983.55296412,
    "both.pessimistic.variance": 36274857.73620091,
    "head.optimistic.z_inverse_harmonic_mean_rank": 20.17126799705938,
    "tail.optimistic.z_inverse_harmonic_mean_rank": 2811.4861985788584,
    "both.optimistic.z_inverse_harmonic_mean_rank": 1716.4196153986466,
    "head.realistic.z_inverse_harmonic_mean_rank": 20.171225056964598,
    "tail.realistic.z_inverse_harmonic_mean_rank": 2811.4864745363006,
    "both.realistic.z_inverse_harmonic_mean_rank": 1716.4195937924533,
    "head.pessimistic.z_inverse_harmonic_mean_rank": 20.171180976081747,
    "tail.pessimistic.z_inverse_harmonic_mean_rank": 2811.486196862877,
    "both.pessimistic.z_inverse_harmonic_mean_rank": 1716.4195450585635,
    "head.optimistic.count": 8293.0,
    "tail.optimistic.count": 8293.0,
    "both.optimistic.count": 16586.0,
    "head.realistic.count": 8293.0,
    "tail.realistic.count": 8293.0,
    "both.realistic.count": 16586.0,
    "head.pessimistic.count": 8293.0,
    "tail.pessimistic.count": 8293.0,
    "both.pessimistic.count": 16586.0,
    "head.optimistic.adjusted_arithmetic_mean_rank": 0.8441046293526764,
    "tail.optimistic.adjusted_arithmetic_mean_rank": 0.15883753630076797,
    "both.optimistic.adjusted_arithmetic_mean_rank": 0.4434136398156819,
    "head.realistic.adjusted_arithmetic_mean_rank": 0.8441049056809066,
    "tail.realistic.adjusted_arithmetic_mean_rank": 0.15883757501927986,
    "both.realistic.adjusted_arithmetic_mean_rank": 0.44341376445257347,
    "head.pessimistic.adjusted_arithmetic_mean_rank": 0.8441051755052046,
    "tail.pessimistic.adjusted_arithmetic_mean_rank": 0.15883762249739802,
    "both.pessimistic.adjusted_arithmetic_mean_rank": 0.4434139170217135,
    "head.optimistic.median_rank": 4318.0,
    "tail.optimistic.median_rank": 9.0,
    "both.optimistic.median_rank": 934.0,
    "head.realistic.median_rank": 4318.0,
    "tail.realistic.median_rank": 9.0,
    "both.realistic.median_rank": 934.25,
    "head.pessimistic.median_rank": 4318.0,
    "tail.pessimistic.median_rank": 9.0,
    "both.pessimistic.median_rank": 934.5,
    "head.optimistic.adjusted_inverse_harmonic_mean_rank": 0.002498552891910033,
    "tail.optimistic.adjusted_inverse_harmonic_mean_rank": 0.26438807862960884,
    "both.optimistic.adjusted_inverse_harmonic_mean_rank": 0.13346286374946215,
    "head.realistic.adjusted_inverse_harmonic_mean_rank": 0.0024985475730526356,
    "tail.realistic.adjusted_inverse_harmonic_mean_rank": 0.2643881045802459,
    "both.realistic.adjusted_inverse_harmonic_mean_rank": 0.13346286206943914,
    "head.pessimistic.adjusted_inverse_harmonic_mean_rank": 0.0024985421128893314,
    "tail.pessimistic.adjusted_inverse_harmonic_mean_rank": 0.2643880784682405,
    "both.pessimistic.adjusted_inverse_harmonic_mean_rank": 0.1334628582800601,
    "head.optimistic.harmonic_mean_rank": 305.9693724130434,
    "tail.optimistic.harmonic_mean_rank": 3.777344589300398,
    "both.optimistic.harmonic_mean_rank": 7.462560149538584,
    "head.realistic.harmonic_mean_rank": 305.9698791503906,
    "tail.realistic.harmonic_mean_rank": 3.777344226837158,
    "both.realistic.harmonic_mean_rank": 7.462560176849365,
    "head.pessimistic.harmonic_mean_rank": 305.9703807400158,
    "tail.pessimistic.harmonic_mean_rank": 3.7773445916017665,
    "both.pessimistic.harmonic_mean_rank": 7.462560453938921,
    "head.optimistic.z_arithmetic_mean_rank": 22.687112878943893,
    "tail.optimistic.z_arithmetic_mean_rank": 132.6831422672375,
    "both.optimistic.z_arithmetic_mean_rank": 118.97786108757641,
    "head.realistic.z_arithmetic_mean_rank": 22.687072665499926,
    "tail.realistic.z_arithmetic_mean_rank": 132.68313615986344,
    "both.realistic.z_arithmetic_mean_rank": 118.97783444475539,
    "head.pessimistic.z_arithmetic_mean_rank": 22.687033398559024,
    "tail.pessimistic.z_arithmetic_mean_rank": 132.68312867076807,
    "both.pessimistic.z_arithmetic_mean_rank": 118.97780183103856,
    "head.optimistic.inverse_arithmetic_mean_rank": 0.00014904823276657442,
    "tail.optimistic.inverse_arithmetic_mean_rank": 0.0005625470131724728,
    "both.optimistic.inverse_arithmetic_mean_rank": 0.0002356582302649446,
    "head.realistic.inverse_arithmetic_mean_rank": 0.00014904818090144545,
    "tail.realistic.inverse_arithmetic_mean_rank": 0.0005625468911603093,
    "both.realistic.inverse_arithmetic_mean_rank": 0.00023565816809423268,
    "head.pessimistic.inverse_arithmetic_mean_rank": 0.00014904813632945788,
    "tail.pessimistic.inverse_arithmetic_mean_rank": 0.000562546707894315,
    "both.pessimistic.inverse_arithmetic_mean_rank": 0.0002356580829401081,
    "head.optimistic.arithmetic_mean_rank": 6709.237549740746,
    "tail.optimistic.arithmetic_mean_rank": 1777.629205353913,
    "both.optimistic.arithmetic_mean_rank": 4243.433377547329,
    "head.realistic.arithmetic_mean_rank": 6709.23974609375,
    "tail.realistic.arithmetic_mean_rank": 1777.629638671875,
    "both.realistic.arithmetic_mean_rank": 4243.4345703125,
    "head.pessimistic.arithmetic_mean_rank": 6709.241890751236,
    "tail.pessimistic.arithmetic_mean_rank": 1777.630170022911,
    "both.pessimistic.arithmetic_mean_rank": 4243.4360303870735,
    "head.optimistic.z_geometric_mean_rank": 37.72084159546348,
    "tail.optimistic.z_geometric_mean_rank": 90.87603996255598,
    "both.optimistic.z_geometric_mean_rank": 123.17493521758936,
    "head.realistic.z_geometric_mean_rank": 37.72078641743431,
    "tail.realistic.z_geometric_mean_rank": 90.87603997008648,
    "both.realistic.z_geometric_mean_rank": 123.17493279223676,
    "head.pessimistic.z_geometric_mean_rank": 37.72074254945892,
    "tail.pessimistic.z_geometric_mean_rank": 90.87603989076922,
    "both.pessimistic.z_geometric_mean_rank": 123.17492916381076,
    "head.optimistic.inverse_geometric_mean_rank": 0.000322732538090464,
    "tail.optimistic.inverse_geometric_mean_rank": 0.034853057232357855,
    "both.optimistic.inverse_geometric_mean_rank": 0.0033538359561569296,
    "head.realistic.inverse_geometric_mean_rank": 0.0003227322013117373,
    "tail.realistic.inverse_geometric_mean_rank": 0.03485305979847908,
    "both.realistic.inverse_geometric_mean_rank": 0.003353834617882967,
    "head.pessimistic.inverse_geometric_mean_rank": 0.0003227319410236252,
    "tail.pessimistic.inverse_geometric_mean_rank": 0.034853049356346304,
    "both.pessimistic.inverse_geometric_mean_rank": 0.0033538324748510987,
    "head.optimistic.adjusted_geometric_mean_rank_index": 0.4134207626876817,
    "tail.optimistic.adjusted_geometric_mean_rank_index": 0.9966375175438299,
    "both.optimistic.adjusted_geometric_mean_rank_index": 0.9549370991410897,
    "head.realistic.adjusted_geometric_mean_rank_index": 0.4134201579359864,
    "tail.realistic.adjusted_geometric_mean_rank_index": 0.996637517626417,