{
  "generated_at": "2026-03-09T01:09:04+00:00",
  "model": "TransE",
  "embedding_dim": 48,
  "epochs": 6,
  "triple_count": 82894,
  "entity_count": 22369,
  "relation_count": 7,
  "losses": [],
  "evaluation_metrics": {
    "head.optimistic.adjusted_geometric_mean_rank_index": 0.4037659969219972,
    "tail.optimistic.adjusted_geometric_mean_rank_index": 0.9960413851772216,
    "both.optimistic.adjusted_geometric_mean_rank_index": 0.9508205174981299,
    "head.realistic.adjusted_geometric_mean_rank_index": 0.4037659186294469,
    "tail.realistic.adjusted_geometric_mean_rank_index": 0.9960413811353956,
    "both.realistic.adjusted_geometric_mean_rank_index": 0.9508204731049532,
    "head.pessimistic.adjusted_geometric_mean_rank_index": 0.4037651535103486,
    "tail.pessimistic.adjusted_geometric_mean_rank_index": 0.9960413764186931,
    "both.pessimistic.adjusted_geometric_mean_rank_index": 0.9508204296693352,
    "head.optimistic.standard_deviation": 6336.295363725062,
    "tail.optimistic.standard_deviation": 4324.022125501458,
    "both.optimistic.standard_deviation": 5967.089479497941,
    "head.realistic.standard_deviation": 6336.296875,
    "tail.realistic.standard_deviation": 4324.02294921875,
    "both.realistic.standard_deviation": 5967.0908203125,
    "head.pessimistic.standard_deviation": 6336.29803347661,
    "tail.pessimistic.standard_deviation": 4324.024321569893,
    "both.pessimistic.standard_deviation": 5967.092547311382,
    "head.optimistic.inverse_arithmetic_mean_rank": 0.00014895164029557153,
    "tail.optimistic.inverse_arithmetic_mean_rank": 0.000574594241774062,
    "both.optimistic.inverse_arithmetic_mean_rank": 0.00023657588810214506,
    "head.realistic.inverse_arithmetic_mean_rank": 0.00014895157073624432,
    "tail.realistic.inverse_arithmetic_mean_rank": 0.0005745939561165869,
    "both.realistic.inverse_arithmetic_mean_rank": 0.0002365757682127878,
    "head.pessimistic.inverse_arithmetic_mean_rank": 0.00014895150914078702,
    "tail.pessimistic.inverse_arithmetic_mean_rank": 0.0005745936443107986,
    "both.pessimistic.inverse_arithmetic_mean_rank": 0.00023657567203516584,
    "head.optimistic.z_inverse_harmonic_mean_rank": 18.765801007161116,
    "tail.optimistic.z_inverse_harmonic_mean_rank": 2251.9938579861,
    "both.optimistic.z_inverse_harmonic_mean_rank": 1374.8439861165639,
    "head.realistic.z_inverse_harmonic_mean_rank": 18.76579839555312,
    "tail.realistic.z_inverse_harmonic_mean_rank": 2251.9936739382083,
    "both.realistic.z_inverse_harmonic_mean_rank": 1374.843853460819,
    "head.pessimistic.z_inverse_harmonic_mean_rank": 18.76579325783682,
    "tail.pessimistic.z_inverse_harmonic_mean_rank": 2251.9935906394367,
    "both.pessimistic.z_inverse_harmonic_mean_rank": 1374.843818500054,
    "head.optimistic.inverse_harmonic_mean_rank": 0.0031050328147654684,
    "tail.optimistic.inverse_harmonic_mean_rank": 0.2122599804633868,
    "both.optimistic.inverse_harmonic_mean_rank": 0.10768250663907612,
    "head.realistic.inverse_harmonic_mean_rank": 0.003105032490566373,
    "tail.realistic.inverse_harmonic_mean_rank": 0.21225996315479279,
    "both.realistic.inverse_harmonic_mean_rank": 0.1076824963092804,
    "head.pessimistic.inverse_harmonic_mean_rank": 0.0031050318527819218,
    "tail.pessimistic.inverse_harmonic_mean_rank": 0.2122599553210458,
    "both.pessimistic.inverse_harmonic_mean_rank": 0.10768249358691387,
    "head.optimistic.harmonic_mean_rank": 322.05778800296923,
    "tail.optimistic.harmonic_mean_rank": 4.711203674931518,
    "both.optimistic.harmonic_mean_rank": 9.28655945344717,
    "head.realistic.harmonic_mean_rank": 322.0578308105469,
    "tail.realistic.harmonic_mean_rank": 4.7112040519714355,
    "both.realistic.harmonic_mean_rank": 9.28656005859375,
    "head.pessimistic.harmonic_mean_rank": 322.05788778110605,
    "tail.pessimistic.harmonic_mean_rank": 4.711204232976907,
    "both.pessimistic.harmonic_mean_rank": 9.286560579068214,
    "head.optimistic.variance": 40148638.93636372,
    "tail.optimistic.variance": 18697167.341826145,
    "both.optimistic.variance": 35606156.85633501,
    "head.realistic.variance": 40148656.0,
    "tail.realistic.variance": 18697176.0,
    "both.realistic.variance": 35606172.0,
    "head.pessimistic.variance": 40148672.76903956,
    "tail.pessimistic.variance": 18697186.33352797,
    "both.pessimistic.variance": 35606193.46817904,
    "head.optimistic.median_absolute_deviation": 5476.732595159694,
    "tail.optimistic.median_absolute_deviation": 14.82602218505602,
    "both.optimistic.median_absolute_deviation": 1417.3677208913555,
    "head.realistic.median_absolute_deviation": 5476.73291015625,
    "tail.realistic.median_absolute_deviation": 14.826022148132324,
    "both.realistic.median_absolute_deviation": 1417.3677978515625,
    "head.pessimistic.median_absolute_deviation": 5476.732595159694,
    "tail.pessimistic.median_absolute_deviation": 14.82602218505602,
    "both.pessimistic.median_absolute_deviation": 1417.3677208913555,
    "head.optimistic.median_rank": 4453.0,
    "tail.optimistic.median_rank": 12.0,
    "both.optimistic.median_rank": 958.0,
    "head.realistic.median_rank": 4453.0,
    "tail.realistic.median_rank": 12.0,
    "both.realistic.median_rank": 958.0,
    "head.pessimistic.median_rank": 4453.0,
    "tail.pessimistic.median_rank": 12.0,
    "both.pessimistic.median_rank": 958.0,
    "head.optimistic.adjusted_arithmetic_mean_rank": 0.8487554478770402,
    "tail.optimistic.adjusted_arithmetic_mean_rank": 0.15559765552179458,
    "both.optimistic.adjusted_arithmetic_mean_rank": 0.4427329395727446,
    "head.realistic.adjusted_arithmetic_mean_rank": 0.848755819368075,
    "tail.realistic.adjusted_arithmetic_mean_rank": 0.15559774042107302,
    "both.realistic.adjusted_arithmetic_mean_rank": 0.44273316236890936,
    "head.pessimistic.adjusted_arithmetic_mean_rank": 0.8487561952231967,
    "tail.pessimistic.adjusted_arithmetic_mean_rank": 0.1555978173124513,
    "both.pessimistic.adjusted_arithmetic_mean_rank": 0.44273334392526337,
    "head.optimistic.adjusted_arithmetic_mean_rank_index": 0.15126367540867403,
    "tail.optimistic.adjusted_arithmetic_mean_rank_index": 0.8444778454564861,
    "both.optimistic.adjusted_arithmetic_mean_rank_index": 0.5573254346589345,
    "head.realistic.adjusted_arithmetic_mean_rank_index": 0.151263303870668,
    "tail.realistic.adjusted_arithmetic_mean_rank_index": 0.8444777605496165,
    "both.realistic.adjusted_arithmetic_mean_rank_index": 0.5573252118394316,
    "head.pessimistic.adjusted_arithmetic_mean_rank_index": 0.15126292796802332,
    "tail.pessimistic.adjusted_arithmetic_mean_rank_index": 0.8444776836513632,
    "both.pessimistic.adjusted_arithmetic_mean_rank_index": 0.5573250302640594,
    "head.optimistic.arithmetic_mean_rank": 6713.588370129087,
    "tail.optimistic.arithmetic_mean_rank": 1740.358547472554,
    "both.optimistic.arithmetic_mean_rank": 4226.9734588008205,
    "head.realistic.arithmetic_mean_rank": 6713.59130859375,
    "tail.realistic.arithmetic_mean_rank": 1740.3594970703125,
    "both.realistic.arithmetic_mean_rank": 4226.9755859375,
    "head.pessimistic.arithmetic_mean_rank": 6713.5942815779945,
    "tail.pessimistic.arithmetic_mean_rank": 1740.3603570997707,
    "both.pessimistic.arithmetic_mean_rank": 4226.977319338883,
    "head.optimistic.geometric_mean_rank": 3132.4922645794154,
    "tail.optimistic.geometric_mean_rank": 33.582429043470725,
    "both.optimistic.geometric_mean_rank": 324.34040637031217,
    "head.realistic.geometric_mean_rank": 3132.49267578125,
    "tail.realistic.geometric_mean_rank": 33.582462310791016,
    "both.realistic.geometric_mean_rank": 324.3406982421875,
    "head.pessimistic.geometric_mean_rank": 3132.496694278225,
    "tail.pessimistic.geometric_mean_rank": 33.582501132862916,
    "both.pessimistic.geometric_mean_rank": 324.34098381840033,
    "head.optimistic.z_geometric_mean_rank": 36.8313506438882,